Workbook

Sheet Guide
A1: RepoPulse 朋友快评说明
A3: 这份表用途 | B3: 从 2026-05-18 ai-builder 日报自动抽取 10 个项目，预留 20 行，方便朋友快速打分。
A4: 建议耗时 | B4: 每位朋友只评 3 个项目即可，大约 10-15 分钟；愿意多评再补空白行。
A5: 评分方式 | B5: 打开日报里的 GitHub 链接，结合报告内容快速核对 README、topics、release、metadata。
A6: 1 分 | B6: 明显错误、不可信或完全不适合推荐。
A7: 3 分 | B7: 基本可用，但证据、风险或画像匹配还有明显改进空间。
A8: 5 分 | B8: 可信、具体、对判断是否深读很有帮助。
A9: 主要问题 | B9: 只写一句话即可，例如：证据太泛、风险漏掉、摘要不准、推荐过强。
A11: 给朋友的话 | B11: 不用读完整源码，也不用写长评。核心目标是判断：这份日报有没有帮你更快决定“值不值得点开深读”。

Sheet Review
A1: 序号 | B1: 仓库 | C1: 分层 | D1: 推荐等级 | E1: 链接 | F1: 一句话定位 | G1: 摘要准确 1-5 | H1: 证据质量 1-5 | I1: 分数合理 1-5 | J1: 阅读路径 1-5 | K1: 风险识别 1-5 | L1: 画像匹配 1-5 | M1: 是否推荐 是/观察/否 | N1: 主要问题 | O1: 评审人 | P1: 备注 | Q1: 平均分 | R1: 状态
A2: 1 | B2: langflow-ai/langflow | C2: 今日最值得深读 | D2: 强推荐 | E2: https://github.com/langflow-ai/langflow | F2: 可视化构建与部署 AI 代理和低代码工作流平台 | Q2: =IF(COUNT(G2:L2)=0,"",ROUND(AVERAGE(G2:L2),2)) | R2: =IF(COUNT(G2:L2)=6,"已完成","待评分") -> 待评分
A3: 2 | B3: rohitg00/agentmemory | C3: 今日最值得深读 | D3: 强推荐 | E3: https://github.com/rohitg00/agentmemory | F3: 为AI编码代理提供持久化记忆服务，支持MCP和多种代理。 | Q3: =IF(COUNT(G3:L3)=0,"",ROUND(AVERAGE(G3:L3),2)) | R3: =IF(COUNT(G3:L3)=6,"已完成","待评分") -> 待评分
A4: 3 | B4: HKUDS/CLI-Anything | C4: 今日最值得深读 | D4: 值得观察 | E4: https://github.com/HKUDS/CLI-Anything | F4: 将任意软件转化为 AI Agent 可用的命令行接口框架 | Q4: =IF(COUNT(G4:L4)=0,"",ROUND(AVERAGE(G4:L4),2)) | R4: =IF(COUNT(G4:L4)=6,"已完成","待评分") -> 待评分
A5: 4 | B5: K-Dense-AI/scientific-agent-skills | C5: 上升很快，值得观察 | D5: 值得观察 | E5: https://github.com/K-Dense-AI/scientific-agent-skills | F5: 135个即用的科学Agent技能，覆盖多科研领域，兼容多AI代理。 | Q5: =IF(COUNT(G5:L5)=0,"",ROUND(AVERAGE(G5:L5),2)) | R5: =IF(COUNT(G5:L5)=6,"已完成","待评分") -> 待评分
A6: 5 | B6: obra/superpowers | C6: 上升很快，值得观察 | D6: 值得观察 | E6: https://github.com/obra/superpowers | F6: 让编码代理遵循结构化开发方法的技能框架 | Q6: =IF(COUNT(G6:L6)=0,"",ROUND(AVERAGE(G6:L6),2)) | R6: =IF(COUNT(G6:L6)=6,"已完成","待评分") -> 待评分
A7: 6 | B7: yikart/AiToEarn | C7: 上升很快，值得观察 | D7: 值得观察 | E7: https://github.com/yikart/AiToEarn | F7: AiToEarn: 基于AI Agent的多平台内容营销与变现工具。 | Q7: =IF(COUNT(G7:L7)=0,"",ROUND(AVERAGE(G7:L7),2)) | R7: =IF(COUNT(G7:L7)=6,"已完成","待评分") -> 待评分
A8: 7 | B8: Hmbown/DeepSeek-TUI | C8: 上升很快，值得观察 | D8: 值得观察 | E8: https://github.com/Hmbown/DeepSeek-TUI | F8: DeepSeek 模型的终端编码代理 | Q8: =IF(COUNT(G8:L8)=0,"",ROUND(AVERAGE(G8:L8),2)) | R8: =IF(COUNT(G8:L8)=6,"已完成","待评分") -> 待评分
A9: 8 | B9: Shubhamsaboo/awesome-llm-apps | C9: 可转化为项目灵感 | D9: 项目灵感 | E9: https://github.com/Shubhamsaboo/awesome-llm-apps | F9: 可运行AI Agent与RAG应用模板集合，覆盖100+场景。 | Q9: =IF(COUNT(G9:L9)=0,"",ROUND(AVERAGE(G9:L9),2)) | R9: =IF(COUNT(G9:L9)=6,"已完成","待评分") -> 待评分
A10: 9 | B10: Light-Heart-Labs/DreamServer | C10: 可转化为项目灵感 | D10: 项目灵感 | E10: https://github.com/Light-Heart-Labs/DreamServer | F10: 一键部署本地AI全栈：LLM推理、聊天、语音、工作流等 | Q10: =IF(COUNT(G10:L10)=0,"",ROUND(AVERAGE(G10:L10),2)) | R10: =IF(COUNT(G10:L10)=6,"已完成","待评分") -> 待评分
A11: 10 | B11: anthropics/skills | C11: 可转化为项目灵感 | D11: 项目灵感 | E11: https://github.com/anthropics/skills | F11: Anthropic的Agent Skills示例仓库，提供Claude可动态加载的技能指令与脚本。 | Q11: =IF(COUNT(G11:L11)=0,"",ROUND(AVERAGE(G11:L11),2)) | R11: =IF(COUNT(G11:L11)=6,"已完成","待评分") -> 待评分
A12: 11 | Q12: =IF(COUNT(G12:L12)=0,"",ROUND(AVERAGE(G12:L12),2)) | R12: =IF(COUNT(G12:L12)=6,"已完成","待评分") -> 待评分
A13: 12 | Q13: =IF(COUNT(G13:L13)=0,"",ROUND(AVERAGE(G13:L13),2)) | R13: =IF(COUNT(G13:L13)=6,"已完成","待评分") -> 待评分
A14: 13 | Q14: =IF(COUNT(G14:L14)=0,"",ROUND(AVERAGE(G14:L14),2)) | R14: =IF(COUNT(G14:L14)=6,"已完成","待评分") -> 待评分
A15: 14 | Q15: =IF(COUNT(G15:L15)=0,"",ROUND(AVERAGE(G15:L15),2)) | R15: =IF(COUNT(G15:L15)=6,"已完成","待评分") -> 待评分
A16: 15 | Q16: =IF(COUNT(G16:L16)=0,"",ROUND(AVERAGE(G16:L16),2)) | R16: =IF(COUNT(G16:L16)=6,"已完成","待评分") -> 待评分
A17: 16 | Q17: =IF(COUNT(G17:L17)=0,"",ROUND(AVERAGE(G17:L17),2)) | R17: =IF(COUNT(G17:L17)=6,"已完成","待评分") -> 待评分
A18: 17 | Q18: =IF(COUNT(G18:L18)=0,"",ROUND(AVERAGE(G18:L18),2)) | R18: =IF(COUNT(G18:L18)=6,"已完成","待评分") -> 待评分
A19: 18 | Q19: =IF(COUNT(G19:L19)=0,"",ROUND(AVERAGE(G19:L19),2)) | R19: =IF(COUNT(G19:L19)=6,"已完成","待评分") -> 待评分
A20: 19 | Q20: =IF(COUNT(G20:L20)=0,"",ROUND(AVERAGE(G20:L20),2)) | R20: =IF(COUNT(G20:L20)=6,"已完成","待评分") -> 待评分
A21: 20 | Q21: =IF(COUNT(G21:L21)=0,"",ROUND(AVERAGE(G21:L21),2)) | R21: =IF(COUNT(G21:L21)=6,"已完成","待评分") -> 待评分

Sheet Rubric
A1: 评分口径：每项 1-5 分
A3: 维度 | B3: 1 分 | C3: 3 分 | D3: 5 分
A4: 摘要准确 | B4: 项目定位明显错误 | C4: 大体正确但不够准 | D4: 准确概括项目用途
A5: 证据质量 | B5: 理由没有可核验证据 | C5: 有证据但比较泛 | D5: 证据具体，可回到 GitHub 核对
A6: 分数合理 | B6: 明显高估或低估 | C6: 大致合理 | D6: 和人工判断高度一致
A7: 阅读路径 | B7: 不具体、不可执行 | C7: 能提供方向 | D7: 步骤明确，能马上照做
A8: 风险识别 | B8: 空泛或漏掉关键风险 | C8: 指出部分风险 | D8: 风险真实、具体、有帮助
A9: 画像匹配 | B9: 和 AI Builder 画像关系弱 | C9: 有一定相关 | D9: 语言、topic、学习目标都匹配

Sheet Summary
A1: 评测汇总
A3: 已完成项目数 | B3: =COUNTIF(Review!R2:R21,"已完成") -> 0
A4: 平均总分 | B4: =IFERROR(ROUND(AVERAGE(Review!Q2:Q21),2),"")
A5: 推荐：是 | B5: =COUNTIF(Review!M2:M21,"是") -> 0
A6: 推荐：观察 | B6: =COUNTIF(Review!M2:M21,"观察") -> 0
A7: 推荐：否 | B7: =COUNTIF(Review!M2:M21,"否") -> 0
A8: 使用建议 | B8: 先让每位朋友评 3 个项目；平均分低于 3.5 或“否”较多的项目，优先回看推荐理由、证据和风险。
